Comparison,Kinase,Direction
run-all,ERK,-0.11695906432748542
run-all,MLCK,-0.0740740740740741
run-all,PIM,-0.15079365079365056
run-all,PKCH,-0.08641975308641987
run-all,WNK,-0.2777777777777778
run-all,RAD53,-0.16161616161616163
run-all,PAKB,-0.33333333333333337
run-all,PKN,-0.02777777777777785
run-all,HAL,0.055555555555555566
run-all,BRSK,-0.05555555555555553
