Run,Kinase,estimate,statistic,p.value,conf.low,conf.high,Significant,Group,Mean
run01,PIM,-0.17663288420277867,-13.667177387037908,5.653963581599413e-33,-0.20207241557647945,-0.15119335282907786,TRUE,Exposed,1.0883164421013893
run01,PIM,-0.17663288420277867,-13.667177387037908,5.653963581599413e-33,-0.20207241557647945,-0.15119335282907786,TRUE,Control,0.9116835578986107
run01,PKCH,-0.13956949507959626,-8.034591646122545,1.403220640325943e-12,-0.17400965492911766,-0.10512933523007488,TRUE,Exposed,1.0697847475397981
run01,PKCH,-0.13956949507959626,-8.034591646122545,1.403220640325943e-12,-0.17400965492911766,-0.10512933523007488,TRUE,Control,0.9302152524602019
run01,AKT,-0.15323658211068591,-8.065789385175654,6.229919447330053e-13,-0.19085193536963974,-0.11562122885173211,TRUE,Exposed,1.076618291055343
run01,AKT,-0.15323658211068591,-8.065789385175654,6.229919447330053e-13,-0.19085193536963974,-0.11562122885173211,TRUE,Control,0.9233817089446571
run01,PAKB,-0.16816352112252542,-3.5328767108335173,0.0022265268344311387,-0.2677992407641795,-0.06852780148087134,TRUE,Exposed,1.0840817605612627
run01,PAKB,-0.16816352112252542,-3.5328767108335173,0.0022265268344311387,-0.2677992407641795,-0.06852780148087134,TRUE,Control,0.9159182394387373
