Kinase,estimate,statistic,p.value,conf.low,conf.high,Significant,Group,Mean,ErrorMin,ErrorMax
ERK,-0.14608027929601297,-0.6131052326309009,0.543672985251839,-0.6293521710729277,0.33719161248090185,FALSE,Exposed,4.11427261895754,3.4849204478846123,4.451464231438442
ERK,-0.14608027929601297,-0.6131052326309009,0.543672985251839,-0.6293521710729277,0.33719161248090185,FALSE,Control,3.968192339661527,3.3388401685885993,4.305383952142429
PKCH,-0.1034070784043255,-0.15375198654621614,0.8797437325733303,-1.5301337002372914,1.3233195434286404,FALSE,Exposed,4.359261932948432,2.829128232711141,5.682581476377073
PKCH,-0.1034070784043255,-0.15375198654621614,0.8797437325733303,-1.5301337002372914,1.3233195434286404,FALSE,Control,4.255854854544107,2.7257211543068154,5.579174397972747
PAKB,-0.30948926793257314,-0.41335594832465145,0.7211763224269119,-3.687240101029424,3.068261565164277,FALSE,Exposed,5.639925247636734,1.95268514660731,8.70818681280101
PAKB,-0.30948926793257314,-0.41335594832465145,0.7211763224269119,-3.687240101029424,3.068261565164277,FALSE,Control,5.330435979704161,1.643195878674737,8.398697544868437
PKN,-0.01642488819519272,-0.020862458423648637,0.9853593974999793,-3.627441741564892,3.594591965174507,FALSE,Exposed,3.842117463135116,0.2146757215702242,7.436709428309623
PKN,-0.01642488819519272,-0.020862458423648637,0.9853593974999793,-3.627441741564892,3.594591965174507,FALSE,Control,3.8256925749399233,0.19825083337503147,7.42028454011443
